Name,Symbol,origin,nucleotide,Base,delta_mass,sugar,delta_mass,phosphate,delta_mass
adenosine-5'-monophosphate,A,A,C(10)H(12)N(5)O(6)P(1),C(5)H(4)N(5),,C(5)H(7)O(3),,H(1)O(3)P(1),
N6-methyladenosine-5'-monophosphate,m6A,A,C(11)H(14)N(5)O(6)P(1),C(1)H(2),,/,,/,
2'-O-methyladenosine 5'-(dihydrogen phosphate),Am,A,C(11)H(14)N(5)O(6)P(1),/,,C(1)H(2),,/,
1-methylinosine-5'-monophosphate,m1I,A,C(11)H(14)N(4)O(5),H(1)N(-1)O(1),,/,,/,
guanosine-5'-monophosphate,Gp,G,C(10)H(12)N(5)O(7)P(1),C(5)H(4)N(5)O(1),,C(5)H(7)O(3),,/,
7-cyano-7-carbaguanine-5'-monophosphate,reQ0basep,G,C(12)H(14)N(5)O(7)P(1),C(2)H(2),,/,,/,
glutamyl-queuosine-5'-monophosphate,pgluQ,G,C(22)H(29)N(6)O(13)P(1),C(10)H(15)N(1)O(6),,/,,/,
,Gpm,G,C(11)H(14)N(5)O(7)P(1),/,,/,,C(1)H(2),
cytidine-5'-monophosphate,Cp,C,C(9)H(12)N(3)O(7)P(1),C(4)H(4)N(3)O(1),,C(5)H(7)O(3),,H(1))O(3)P(1),
N4-acetyl-2'-O-methylcytidine-5'-monophosphate,ac4Cmp,C,C(12)H(114)N(3)O(8)P(1),C(2)H(2)O(1),,C(1)H(2),,/,
5-formyl-2'-O-methylcytidine-5'-monophosphate,f5Cmp,C,C(11)H(14)N(3)O(8)P(1),C(1)O(1),,C(1)H(2),,/,
5-hydroxycytidine-5'-monophosphate,ho5Cp,C,C(9)H(12)N(3)O(8)P(1),O(1),,/,,/,
2-lysidine-5'-monophosphate,k2Cp,C,C(15)H(24)N(5)O(8)P(1),C(6)H(12)N(2)O(1),,/,,/,
uridine-5'-monophosphate,Up,U,C(9)H(11)N(2)O(8)P(1),C(4)H(3)N(2)O(2),,C(5)H(7)O(3),,H(1))O(3)P(1),
2-thio-2'-O-methyluridine-5'-monophosphate,s2Ump,U,C(10)H(13)N(2)O(7)P(1)S(1),O(-1)S(1),,C(1)H(2),,/,
5-(carboxyhydroxymethyl)-2'-O-methyluridine methyl ester-5'-monophosphate,mchm5Ump,U,C(13)H(17)N(2)O(11)P(1),C(3)H(4)O(3),,C(1)H(2),,/,
5-(isopentenylaminomethyl)-2'-O-methyluridine-5'-monophosphate,inm5Ump,U,C(16)H(24)N(3)O(8)P(1),C(6)H(11)N(1),,C(1)H(2),,/,
5-carbamoylmethyl-2'-O-methyluridine-5'-monophosphate,ncm5Ump,U,C(12)H(16)N(3)O(9)P(1),C(2)H(3)N(1)O(1),,C(1)H(2),,/,
2'-O-methylcytidine,Cm,C,,/,,C(1)H(2),,/,
2'-O-methyluridine,Um,U,,/,,C(1)H(2),,/,
2'-O-methylguanosine,Gm,G,,/,,C(1)H(2),,/,
x-methyl_adenosine_(base),mA,A,,C(1)H(2),,/,,/,
x-methyl_uridine_(base),mU,U,,C(1)H(2),,/,,/,
x-methyl_cytidine_(base),mC,C,,C(1)H(2),,/,,/,
x-methyl_guanosine_(base),mG,G,,C(1)H(2),,/,,/,
pseudouridine,Y,U,,/,,/,,/,